0,Twelve Months
1,Triptych
2,Compositions
3,Sistine Chapel Paintings
4,Visions of the Hereafter
5,Triptych of Haywain
6,The Temptation of St. Anthony
7,The Garden of Earthly Delights
8,Adam and Eve
9,The Arnolfini Marriage
10,The Ghent Altarpiece
11,Apocalypse
12,Grandes Chroniques de France
13,Hours of Etienne Chevalier
14,Adoration of the Magi
15,Jazz Book
16,Bathers
17,Mont Sainte-Victoire
18,Card Players
19,Constellations
20,Fifty Days at Iliam
21,Blue
22,Calvary Triptych
23,Portinari Altarpiece
24,Harlot&#39;s Progress
25,Mariage à la Mode
26,Rake&#39;s Progress
27,A Weavers&#39; Revolt
28,Disputation in the Synagogue
29,Transparencies
30,Turkestan series
31,Sebastian altar of the Augustinian Canons St. Florian in Linz
32,Werl Altarpiece
33,Legend of St. Ursula for the Scola di Sant&#39;Orsola
34,Ocean Park (1968-1985)
35,Playing Cards
36,Klansmen
37,Cyclops
38,Unpopulated
39,The Stations of the Cross
40,18 Cantos
41,Famous men and women
42,Parable of the Prodigal Son
43,Market
44,Monochrome works
45,Stripe
46,Unfurled
47,Veil
48,Floral
49,Column
50,Black Paintings
51,Red Series
52,Cool Series
53,Protractor
54,Provence
55,Winter Palace
56,Trademark 1961-1963
57,Menagerie
58,Abstractions
59,Illustrations for the Royal American Magazine
60,Tennis
61,Scenes from Shakespeare Plays
62,Album primo-avrilesque (April Foolish Album)
63,Don Quixote
64,Paintings
65,Isenheim Altarpiece
66,Ridiculous Portrait
67,The Legend of the True Cross
68,Collages with lenses
69,Los caprichos
70,The Tinted Venus 1862
71,Mirror of Salvation altarliece
72,Abstract Symbolisme
73,Three paintings of the battle of Romano for the Medici
74,Heller Altarpiece
75,Boschian series
76,Around A Border
77,Flora
78,Vom Strande
79,Present Memories
80,The World Turned Upside Down
81,The Scream
82,Music Pink and Blue
83,Antibes
84,“Sailing Boats”
85,Portrait series of monks Scene
86,Black Paintings (1819-1823)
