0,Holy-Family
1,Mythology
2,Adoration-of-the-Shepherds
3,Jesus-Christ
4,Christianity
5,Virgin-Mary
6,pilgrims
7,Virgin-and-Child
8,Prophet
9,famous-people
10,Leonello-d&#39;Este
11,History
12,Ancient history
13,Annunciation
14,God-the-Father
15,Archangel-Gabriel
16,Middle ages
17,Holy places
18,angels-and-archangels
19,St.-Sebastian
20,St.-Anthony
21,saints-and-apostles
22,St.-Louis-of-Toulouse
23,Christmas
24,Holy-Trinity
25,St.-Dominic
26,St.-Victor
27,St.-Augustine
28,St.-Francis-of-Assisi
29,St. John the Baptist
30,St.-Lawrence
31,St.-Anthony-of-Padua
32,Long hair
33,forests-and-trees
34,female-portraits
35,Lady
36,domestic-settings
37,birth-and-death
38,couples
39,female-nude
40,children portraits
41,disease-and-treatment
42,Sketch
43,Figure drawing
44,male-portraits
45,Jean-Cocteau
46,Branch
47,Plant
48,Tree
49,Woody plant
50,Water
51,twilight-and-night
52,Orange
53,Saviour-of-the-World
54,Salvator-Mundi
55,St.-Martha
56,St.-Peter
57,St.-Leonard
58,knights-and-warriors
59,Cheek
60,Chin
61,Calvary\/Golgotha
62,Religious item
63,Cross
64,Symbol
65,Crucifixion
66,Crucifix
67,St-Gregory
68,St.-Benedict
69,cottages-and-farmhouses
70,rivers-and-waterfalls
71,mountains
72,Sky
73,executions
74,Atmosphere
75,Cloud
76,Calm
77,geese
78,Bank
79,sunrise-and-sunset
80,birds
81,Pasture
82,Grassland
83,Rural area
84,Natural landscape
85,fields-and-plains
86,spring
87,morning
88,Grass
89,Meadow
90,France
91,St.-Cloud
92,castles-and-fortresses
93,gardens-and-parks
94,battles-and-wars
95,Font
96,Fictional character
97,wrecks-and-crashes
98,aircrafts
99,Comic book
100,Comics
101,Fiction
102,Abbess
103,Charles-the-Bold
104,Gentleman
105,St.-Ivo
106,Reading
107,Lip
108,Face
109,Forehead
110,Head
111,dreams-and-hallucinations
112,Organism
113,Water bird
114,storm-and-tempest
115,Human
116,mealtimes
117,celebrations-and-festivals
118,musical-instruments
119,Transfiguration
120,Picture frame
121,Stock photography
122,family-portraits
123,People
124,Cupid-and-Psyche
125,Greek-and-Roman-Mythology
126,Aphrodite\/Venus
127,Relief
128,Chest
129,Graphic design
130,horsemen
131,Moscow
132,houses-and-buildings
133,allegories-and-symbols
134,Russia
135,Beatrice-Hastings
136,Diego-Rivera
137,Moise-Kisling
138,pastoral-scenes
139,arts-and-crafts
140,prayers
141,rituals-and-traditions
142,Oedipus
143,Victor-Borisov-Musatov
144,walking
145,children
146,Painter
147,Paul-Gauguin
148,leisure-and-sleep
149,animals
150,countryside
151,horses
152,Waterway
153,River
154,mills-and-windmills
155,Maria-Bicknell-(Mrs.-John-Constable)
156,Castle
157,Salisbury-Cathedral
158,cliffs-and-rocks
159,islands-and-bays
160,Geology
161,seas-and-oceans
162,Formation
163,Event
164,Folk dance
165,Adaptation
166,Cupid
167,taverns-and-inns
168,Boat
169,Retro style
170,Berthe-Morisot
171,Fife
172,Trumpeter
173,bathing-and-swimming
174,Sitting
175,Nature
176,games-and-sport
177,dogs
178,gods-and-goddesses
179,Racing
180,Horse trainer
181,Pato
182,Steeplechase
183,Horse racing
184,derby
185,Jockey
186,Animal sports
187,Horse
188,Creation-of-the-World
189,Adam
190,Creation-of-Adam
191,Delphic-Sibyl
192,sibyls
193,St.-Paul
194,Conversion
195,Convent
196,Chapel
197,Place of worship
198,Ceiling
199,Altar
200,Byzantine architecture
201,Last-Judgment
202,Baptistery
203,Torment-of-Saint-Anthony
204,devils-and-demons
205,Thetis
206,Jupiter\/Zeus
207,Homer
208,fruits-and-vegetables
209,dishware-and-cutlery
210,Charles-IV-of-Spain
211,Musical
212,fashion
213,Maria-Teresa-de-Vallabriga
214,Stallion
215,Bridle
216,Rein
217,Lord
218,hospitals-and-pharmacies
219,Textile
220,sins-and-sinners
221,Nature reserve
222,Jungle
223,Rainforest
224,spirits-and-ghosts
225,Slavic-mythology
226,Forest
227,Vegetation
228,Natural environment
229,Old-growth forest
230,Facial hair
231,Beard
232,Leo-Tolstoy
233,instruments-and-mechanisms
234,cats
235,group-portraits
236,Breakfast
237,books-and-letters
238,Furniture
239,Madame-Recamier
240,Patroclus
241,male-nude
242,Muscle
243,Flesh
244,Human body
245,Male
246,Barechested
247,Henrietta-Maria-of-France
248,Samson
249,Delilah
250,Eden
251,Old-Testament
252,Temptation
253,serpents-and-snakes
254,Eve
255,Johann-Friedrich-I-the-Magnanimous-(Saxony)
256,Johann-I-the-Steadfast-(Saxony)
257,Friedrich-III-the-Wise-(Saxony)
258,deer
259,Charles-V-(Saxony)
260,boats-and-ships
261,Castle-of-Torgau
262,hunting-and-racing
263,friars-and-monks
264,Martin-Luther
265,Giovanni-Arnolfini
266,Outerwear
267,double-portraits
268,Giovanna-Cenami
269,furniture-and-decoration
270,donors
271,Neck
272,Ear
273,Creation
274,St.-George
275,lakes-and-ponds
276,markets-and-shops
277,Normandy
278,House
279,folk-architecture
280,Building
281,sunlight
282,Beige
283,Text
284,Piet&#224;
285,Child
286,Arch
287,Assumption of the Virgin
288,Santa-Maria
289,St.-Helena
290,St.-Illuminata
291,St.-Philip-Benizi
292,St.-Roch
293,Classical sculpture
294,Statue
295,Collection
296,Miracle
297,San-Bernardino
298,shepherds
299,Nativity
300,St.-Bernard
301,Expulsion-from-Eden
302,Baptism
303,Friar
304,Religious institute
305,St. Andrew
306,Cope
307,Hagar
308,Northern hardwood forest
309,Woodland
310,Biome
311,ruins-and-columns
312,Water transportation
313,Watercraft
314,Vehicle
315,Boating
316,Gondola
317,Venice
318,Watercraft rowing
319,Atmospheric phenomenon
320,Historic site
321,Badlands
322,Nativity scene
323,St.-Eusta
324,Hairstyle
325,Albrecht-Durer
326,Hair
327,Botany
328,flying
329,Recreation
330,Vitebsk
331,reading-and-writing
332,Jean-Michel-Basquiat
333,Iris family
334,grape hyacinth
335,Flowering plant
336,flowers-and-plants
337,Iris
338,Flower
339,Chair
340,lamps-and-candles
341,prisons-and-prisoners
342,Military camouflage
343,Soldier
344,Uniform
345,Military uniform
346,manors-and-plantations
347,harvesting
348,Vincent-Van-Gogh
349,People in nature
350,Cut flowers
351,Sunflower
352,Flowerpot
353,Bouquet
354,Geological phenomenon
355,Grass family
356,Guitar
357,Brown
358,Rose
359,Garden roses
360,Still life photography
361,Audience
362,Auditorium
363,Crowd
364,Figurine
365,Bayou
366,Dress
367,Wedding dress
368,Bridal accessory
369,Gown
370,Ceremony
371,Bride
372,Photograph
373,Ballet master
374,Dance
375,Class
376,Ballet dancer
377,Ballet tutu
378,Old world monkey
379,Alcoholic beverage
380,Interior design
381,Room
382,Businessperson
383,Market
384,Footwear
385,handwork
386,Volga
387,burlaks
388,Rock
389,Mountain
390,Food group
391,Fruit
392,Food
393,Games
394,Nose
395,Meal
396,East indiaman
397,Flagship
398,First-rate
399,Clipper
400,Ship of the line
401,Frigate
402,Galleon
403,Sailing ship
404,Rectangle
405,Small to medium-sized cats
406,Cat
407,Black cat
408,Tail
409,Felidae
410,doves
411,Dora Maar
412,Musician
413,Guitarist
414,Ludovico Ariosto
415,Mona-Lisa
416,ermines
417,St. Thaddeus
418,St. Bartholomew
419,Judas-Iscariot
420,St. James the Greater
421,St. Thomas
422,St. James the Less
423,St.-Simon
424,St.-Philip
425,Last-Supper
426,St.-Matthew
427,parts-of-human-body
428,human-anatomy
429,designs-and-sketches
430,Flight-into-Egypt
431,Pattern
432,Wilderness
433,Marilyn-Monroe
434,Tin can
435,food-and-beverages
436,posters-and-advertisements
437,Che-Guevara
438,Mao-Zedong
439,Artemis\/Diana
440,roads-and-vehicles
441,Fyodor-Dostoyevsky
442,Sleep
443,Nap
444,Monarch
445,Car
446,Automotive design
447,Line
448,Petal
449,Pink
450,beasts-and-dragons
451,Archangel-Michael
452,Europa(mythology)
453,Beauty
454,Fashion illustration
455,Paris
456,Snapshot
457,rain-and-fog
458,Umbrella
459,Pedestrian
460,Tourism
461,streets-and-squares
462,Paddle
463,Oar
464,Outdoor recreation
465,Canoe
466,Boats and boating--Equipment and supplies
467,floor-and-ceiling
468,Paul &#201;luard
469,mother-and-child
470,Max-Ernst
471,Ritual
472,butcher
473,Canidae
474,Ruins
475,winter
476,priests-and-sacraments
477,Salome
478,Herod
479,St.-Stephen
480,skeletons-and-skulls
481,fires-and-floods
482,Harbor
483,Storm
484,St.-Petersburg
485,Snow
486,Blizzard
487,monuments-and-statues
488,night
489,Winter storm
490,Apollo
491,Sarah
492,Pskov
493,Wallet
494,Construction paper
495,Throw pillow
496,Pillow
497,Finger
498,Hand
499,cemeteries-and-tombs
500,Tower
501,Sailboat
502,Sailing
503,Belle-&#206;le
504,Sea
505,Sail
506,Ocean
507,Coast
508,Douarnenez
509,Headland
510,Cliff
511,Terrain
512,Shore
513,moles-and-embankments
514,Undergarment
515,Lingerie
516,Hollyhocks
517,Shrub
518,military-and-soldiers
519,Trunk
520,monochrome
521,Cowboy
522,Western riding
523,Daydream
524,Romulus
525,Headgear
526,Headpiece
527,Hair accessory
528,Fun
529,Hunting
530,clothing-and-textile
531,Landmark
532,Ancient rome
533,Basilica
534,City
535,Warsaw
536,Medieval architecture
537,Ancient roman architecture
538,Rome
539,Triumphal arch
540,Town
541,Street
542,Spire
543,Human settlement
544,Town square
545,Public space
546,Plaza
547,Dresden
548,fountains-and-pools
549,palaces-and-mausoleums
550,Entombment-of-Christ
551,St.-Barbara
552,Bed
553,bedrooms
554,St.-Ursula
555,Pole
556,Human leg
557,Leg
558,Dorothea of Caesarea
559,Majorelle blue
560,Hill
561,Lake district
562,bagpipers
563,families
564,Hermes\/Mercury
565,goats
566,nymphs-and-satyrs
567,Baby
568,characters-and-emotions
569,String instrument
570,Berlin
571,sheep
572,pigs
573,Holy-Spirit
574,Demon
575,philosophers
576,cows
577,Ecoregion
578,bulls
579,conversations
580,Augustine-of-Hippo
581,Cave
582,caves-and-volcanoes
583,Pulcinella
584,Music
585,Plucked string instruments
586,Musical instrument
587,Doctors
588,Leisure
589,summer
590,Fortification
591,Bench
592,Garden
593,Cl&#224;rsach
594,crimes
595,murder-and-suicide
596,actors-and-performances
597,historical-events
598,naval-battles
599,Trouville
600,Galiot
601,Rouen
602,Turquoise
603,Tints and shades
604,Plain
605,World
606,Windmill
607,Prairie
608,Field
609,Mustang horse
610,Wildlife
611,Mare
612,Herd
613,Mane
614,Terrestrial animal
615,Carnivore
616,Dog
617,Hunting dog
618,Sorrel
619,Vertebrate
620,Liver
621,Mammal
622,Infrastructure
623,Mill
624,Polder
625,Farm
626,Military officer
627,Military person
628,Admiral
629,Azure
630,Eye
631,Organ
632,Louis-XV-of-France
633,Madame-de-Pompadour
634,Eyebrow
635,Claude-Monet
636,Ship
637,Wagon
638,Coachman
639,Horse and buggy
640,Land vehicle
641,Mode of transport
642,Carriage
643,Mother
644,St.-Christopher
645,Leaf
646,Dante-Alighieri
647,Esther
648,Bird
649,St.-Isabel-of-Portugal
650,St.-Elizabeth
651,studios-and-workshops
652,St.-Eligius
653,Love
654,Copenhagen
655,Armored cruiser
656,Pre-dreadnought battleship
657,Smile
658,Birch
659,Shadow
660,St.-Zenobius
661,Ice skating
662,Canal
663,Prodigal-Son
664,St. Anne
665,Coronation-of-the-Virgin
666,princess
667,sailors
668,Galway hooker
669,Victorian fashion
670,Lunch
671,Picnic
672,Table
673,supper
674,Pierrot
675,fish
676,Perseus
677,Andromeda
678,heroes
679,Abraham
680,Guillotine
681,St.-Catherine-of-Alexandria
682,fishing
683,Cow-goat family
684,Bull
685,Bovine
686,Ox
687,Livestock
688,Working animal
689,Grazing
690,Dairy cow
691,Pc game
692,Rape of the Sabine Women
693,Doll
694,costume design
695,valleys-and-hollows
696,Horizon
697,gates-and-towers
698,Maximilian-I-Holy-Roman-Emperor
699,Red hair
700,Sodom-and-Gomorrah
701,Baptism-of-Jesus-Christ
702,Onion
703,Shallot
704,Red onion
705,Meteorological phenomenon
706,Rainbow
707,factories-and-plants
708,Joan-of-Arc
709,lonely figures
710,wind
711,tigers
712,Conquistador
713,bonfires
714,Battle
715,fairs
716,Netherlands
717,Steam frigate
718,Standing
719,Paganism
720,Arm
721,Shoulder
722,Joint
723,Violet
724,Waterfall
725,Water feature
726,Water resources
727,Watercourse
728,Wind wave
729,Display device
730,Reflection
731,Fur
732,Catherine-the-Great
733,Monarchy
734,weddings
735,Wildflower
736,Coastal and oceanic landforms
737,Democritus
738,Sporting Group
739,Dog breed
740,Street dog
741,Mars
742,St.-Agatha
743,Titian
744,Moustache
745,Athena\/Minerva
746,Stone carving
747,Carving
748,Wood stain
749,Hardwood
750,Flag
751,Arcade
752,Classical architecture
753,Parish
754,Church
755,Linens
756,cafes-and-restaurants
757,Darkness
758,Peach
759,Circle
760,Mythical creature
761,Dragon
762,Scrap
763,Tile
764,Lavender
765,Interaction
766,Airplane
767,Aircraft
768,Colorfulness
769,Black hair
770,Anemone
771,Flooring
772,Tile flooring
773,Rug
774,Cushion
775,Suede
776,Shoe
777,Boot
778,Bicycle saddle
779,Light
780,Lumber
781,Plank
782,time-and-age
783,Dolphin
784,Advertising
785,Vintage advertisement
786,Toy
787,Vintage car
788,Motor vehicle
789,Technology
790,Sunset
791,Evening
792,Roof
793,Formal wear
794,Sunrise
795,Skin
796,Close-up
797,Paper product
798,Snowboard
799,Bowling pin
800,Bordeaux
801,Pencil skirt
802,Clothing
803,Lighthouse
804,Vegetable
805,Parallel
806,Heligoland
807,Clown
808,Twig
809,Material property
810,Emblem
811,Logo
812,Vase
813,Jug
814,Serveware
815,hens
816,storks
817,Canoe birch
818,American larch
819,Urban area
820,guru
821,Sari
822,Abdomen
823,Photo shoot
824,Stain
825,Cap
826,Swim cap
827,Monochrome photography
828,Wave
829,Floor
830,Whiskers
831,Baseball bat
832,doors-and-windows
833,Goat-antelope
834,Goat
835,yards
836,Drover
837,Goatherd
838,Herder
839,Achilles
840,Odysseus\/Ulysses
841,Bridge
842,Palace
843,Column
844,Monument
845,Mouth
846,jaguar
847,Brand
848,Filling station
849,Target archery
850,Door
851,Ridge
852,Mountainous landforms
853,Fell
854,Mountain range
855,Massif
856,Highland
857,Volcanic landform
858,Volcano
859,Types of volcanic eruptions
860,Lava dome
861,Facial expression
862,Dye
863,Peter-the-Great
864,Tsar
865,Viol
866,Violone
867,Bowed string instrument
868,Horn
869,Indian rhinoceros
870,Rhinoceros
871,Snout
872,Hare
873,Crane-like bird
874,Beak
875,Crane
876,Bikini
877,Monokini
878,Swimwear
879,One-piece swimsuit
880,Garnish
881,Platter
882,Ingredient
883,Cuisine
884,Dish
885,Wetland
886,Number
887,silhouette
888,Backlighting
889,hoopskirt
890,Jeans
891,Lane
892,Road
893,Cylinder
894,Leonardo-da-Vinci
895,Bologna
896,Tire
897,Red flag
898,Stemware
899,Drink
900,Drinkware
901,Arecales
902,Palm tree
903,Tropics
904,Tall ship
905,Full-rigged ship
906,Port
907,Tribal chief
908,Steppe
909,Pond
910,Quilting
911,Brick
912,Brickwork
913,Hat
914,Glasses
915,Eyewear
916,Susanna
917,Domra
918,Setar
919,Lute
920,Kobza
921,Mandolin
922,Map
923,Cola
924,Carbonated soft drinks
925,Coca-cola
926,Wing
927,Grove
928,Deciduous
929,Temperate broadleaf and mixed forest
930,Blossom
931,Shorts
932,Galley
933,Longship
934,Galeas
935,Fluyt
936,Envelope
937,Spoon
938,Cutlery
939,Polka dot
940,Spiral
941,Marketplace
942,Flag of the united states
943,Nest
944,Bird nest
945,Pelican
946,Ancient dog breeds
947,Diagram
948,Mesh
949,Egg
950,Saucer
951,Plate
952,Fried egg
953,Tableware
954,Dishware
955,Savanna
956,Tide
957,Body of water
958,Beach
959,Window
960,Daytime
961,Apple
962,Sport venue
963,Amber
964,Soil
965,Guitar accessory
966,String instrument accessory
967,Musical instrument accessory
968,Animal figure
969,Saguaro
970,Mast
971,Wood flooring
972,Spiny lobster
973,American lobster
974,Invertebrate
975,Decapoda
976,Crayfish
977,Homarus
978,Seafood
979,Crustacean
980,Lobster
981,Bird of prey
982,Accipitriformes
983,Vulture
984,Ceramic
985,Seabird
986,Garlic
987,Cruciferous vegetables
988,Swimsuit top
989,Swimsuit bottom
990,Brassiere
991,Back
992,Zebra
993,Blackboard
994,Slate
995,Square
996,Crystal
997,Folder
998,Pumpkin
999,Common fig
1000,Facade
1001,Vacation
1002,artists-and-models
1003,Wallpaper
1004,Woven fabric
1005,Space
1006,moon
1007,Full moon
1008,Celestial event
1009,Moonlight
1010,Astronomical object
1011,Antique
1012,Pendant
1013,Fashion accessory
1014,Locket
1015,Jewellery
1016,Bicycle
1017,Plaid
1018,Gothic architecture
1019,Metropolis
1020,Automotive tire
1021,Vest
1022,Sea otter
1023,Machine
1024,wars-and-battles
1025,Home appliance
1026,Flip (acrobatic)
1027,Patchwork
1028,Swamp
1029,Heat
1030,Flame
1031,Tread
1032,Automotive wheel system
1033,Plough
1034,Muridae
1035,Rat
1036,Vintage clothing
1037,Indian musical instruments
1038,Aviation
1039,Cricket
1040,Racquet sport
1041,Real tennis
1042,tennis
1043,Violin family
1044,Viola
1045,Violin
1046,Fiddle
1047,Village
1048,Residential area
1049,Estate
1050,Lawn
1051,Tourist attraction
1052,Strategy video game
1053,Action-adventure game
1054,Temple
1055,Europe
1056,Horse tack
1057,Equestrianism
1058,Saddle
1059,Angel
1060,mythology
1061,floor
1062,room
1063,rectangle
1064,orange
1065,coronations
1066,pope-pius-vii
1067,empress-josephine
1068,2nd-december-1804
1069,holy places
1070,napoleon bonaparte
1071,fictional-characters
1072,don-quixote
1073,sancho-panza
1074,christianity
1075,st.-apollonia
1076,classical sculpture
1077,collection
1078,natural environment
1079,line
1080,footwear
1081,clothing
1082,standing
1083,wetsuit
1084,spandex
1085,tourist attraction
1086,alexander-pushkin
1087,gentleman
1088,table
1089,furniture
1090,wing
1091,tree
1092,natural landscape
1093,atmospheric phenomenon
1094,branch
1095,sky
1096,julius-caesar
1097,roman-republic
1098,history
1099,column
1100,arch
1101,foxes
1102,sleep
1103,statue
1104,stone carving
1105,figurine
1106,lady
1107,carving
1108,mind-and-madness
1109,parables-of-jesus
1110,photograph
1111,water
1112,bridge
1113,water resources
1114,waterway
1115,dam
1116,infrastructure
1117,canal
1118,river
1119,turquoise
1120,font
1121,fictional character
1122,sketch
1123,facial hair
1124,violet
1125,pink
1126,circle
1127,coffee table
1128,peter-the-great
1129,games
1130,headgear
1131,beauty
1132,greek-and-roman-mythology
1133,selene-and-endymion
1134,moonlight
1135,alps
1136,st-bernard-pass
1137,20th-may-1800
1138,warlord
1139,conquistador
1140,picture frame
1141,lighting
1142,moscow
1143,red-square
1144,town
1145,building
1146,city
1147,human settlement
1148,public space
1149,plaza
1150,medieval architecture
1151,beige
1152,rock
1153,sardanapalus
1154,graphic design
1155,sea
1156,darkness
1157,sappho
1158,cliff
1159,french-revolution
1160,joseph-bara
1161,human
1162,human body
1163,jeans
1164,textile
1165,material property
1166,light
1167,interior design
1168,ceiling
1169,dress
1170,stock photography
1171,jesus-christ
1172,crucifixion
1173,religious item
1174,crucifix
1175,cross
1176,symbol
1177,people
1178,crowd
1179,event
1180,sofa tables
1181,pattern
1182,thread
1183,virgin-and-child
1184,virgin-mary
1185,property
1186,flooring
1187,tile
1188,lobby
1189,chest
1190,money-changers
1191,battle
1192,smoke
1193,strategy video game
1194,moscow river
1195,gondola
1196,boat
1197,vehicle
1198,watercraft
1199,cloud
1200,lavender
1201,flower
1202,plant
1203,organism
1204,still life photography
1205,natural foods
1206,fruit
1207,food
1208,superfood
1209,local food
1210,pomegranate
1211,icarus
1212,old-testament
1213,isaac
1214,abraham
1215,binding-of-isaac
1216,bronze sculpture
1217,nonbuilding structure
1218,jaw
1219,joint
1220,arm
1221,dolphin
1222,colorfulness
1223,eye
1224,brown
1225,tide
1226,wave
1227,atmosphere
1228,horizon
1229,calm
1230,comics
1231,giant
1232,organ
1233,iris
1234,close-up
1235,christmas
1236,angel
1237,mask
1238,entry-in-jerusalem
1239,motorcycle
1240,toy
1241,hare
1242,rabbits and hares
1243,rabbit
1244,oyster
1245,cut flowers
1246,aeneas
1247,figure drawing
1248,landmark
1249,monument
1250,pausanias-'description-of-greece'
1251,high-priest-coresus
1252,ivan-the-great-bell-tower
1253,palm tree
1254,woody plant
1255,arecales
1256,elaeis
1257,cupid
1258,bathhouses
1259,harems
1260,map
1261,helmet
1262,personal protective equipment
1263,mountainous landforms
1264,nature
1265,mountain
1266,mountain range
1267,badlands
1268,wilderness
1269,screenshot
1270,st.-sebastian
1271,st.-anthony-the-great
1272,land lot
1273,grass
1274,muscle
1275,male
1276,bodybuilder
1277,leg
1278,bodybuilding
1279,cowboy
1280,museum
1281,troubles-and-disasters
1282,ruins
1283,hardwood
1284,house numbering
1285,number
1286,seven-liberal-arts
1287,napkin holder
1288,tray
1289,serveware
1290,whiteboard
1291,laptop
1292,technology
1293,electronic device
1294,netbook
1295,plate
1296,petal
1297,the-cadiz-expedition
1298,1625
1299,spain
1300,exhibition
1301,vernissage
1302,annunciation
1303,archangel-gabriel
1304,rocinante
1305,mules
1306,romance
1307,shoulder
1308,mannequin
1309,rural area
1310,envelope
1311,azure
1312,st.-bonaventura
1313,council-of-lyons
1314,mirror
1315,reflection
1316,hand fan
1317,napoleon iii of france
1318,text
1319,scientists
1320,alchemists
1321,snapshot
1322,friendship
1323,interaction
1324,rebellion
1325,1870s paintings from italy
1326,1274
1327,doctor-of-the-church
1328,cardinal-bishop-of-albano
1329,shelf
1330,nose
1331,hand
1332,armadillo
1333,tahiti
1334,pierrot
1335,head
1336,capri
1337,costume
1338,farmworker
1339,food grain
1340,wheat
1341,sitting
1342,bird
1343,pyramid
1344,monochrome photography
1345,construction paper
1346,paper product
1347,pontius-pilate
1348,barechested
1349,beard
1350,botany
1351,elvis-presley
1352,forehead
1353,chin
1354,face
1355,eyebrow
1356,snout
1357,kremlin
1358,spire
1359,place of worship
1360,cathedral
1361,road surface
1362,dante
1363,virgil
1364,dante-alighieri-'the-divine-comedy'
1365,house
1366,coachman
1367,ancient greek temple
1368,bank
1369,pietà
1370,mother
1371,death
1372,peach
1373,tragedy
1374,bird food
1375,cereal
1376,groat
1377,outerwear
1378,wind wave
1379,surfing
1380,recreation
1381,lions
1382,mythical creature
1383,flagship
1384,sailing ship
1385,galley
1386,manila galleon
1387,east indiaman
1388,galleon
1389,first-rate
1390,long hair
1391,cheek
1392,last-supper
1393,meal
1394,cylinder
1395,door
1396,st.-francis-of-assisi
1397,kneeling
1398,skull
1399,meditation
1400,rome
1401,fiction
1402,mechanical fan
1403,gypsies
1404,leaf
1405,alcohol
1406,david
1407,string instrument
1408,musical instrument
1409,plucked string instruments
1410,wrinkle
1411,maternity
1412,clementine
1413,vegetarian food
1414,food group
1415,cuisine
1416,mandarin orange
1417,violinist
1418,propeller
1419,airplane
1420,watercraft rowing
1421,boats and boating--equipment and supplies
1422,st.-petersburg
1423,1800s paintings from italy
1424,copenhagen
1425,woolen
1426,knitting
1427,cellist
1428,cello
1429,bowed string instrument
1430,viol
1431,double bass
1432,product
1433,fightings
1434,heracles/hercules
1435,lernaean-hydra
1436,lawn
1437,prophet
1438,middle ages
1439,dish
1440,ingredient
1441,alonso-rodriguez
1442,sunset
1443,evening
1444,sunrise
1445,road
1446,lane
1447,highway
1448,flag
1449,cleopatra
1450,tripod
1451,horse
1452,pack animal
1453,rein
1454,troop
1455,mud
1456,daytime
1457,lip
1458,dancer
1459,meadow
1460,paradise
1461,patchwork
1462,eyewear
1463,glasses
1464,sunglasses
1465,vision care
1466,transparent material
1467,people in nature
1468,john-hawkwood
1469,album cover
1470,ridge
1471,summit
1472,space
1473,girls
1474,audio equipment
1475,st.-rufina-of-seville
1476,cigarettes-and-pipes
1477,tobacco pipe
1478,pipe
1479,smoking accessory
1480,smoking
1481,facade
1482,spiral
1483,face mask
1484,the-battle-of-san-romano
1485,pest
1486,ancient history
1487,flowering plant
1488,sweet pea
1489,ossian
1490,laminate flooring
1491,the-siege-and-relief-of-gibraltar
1492,fun
1493,hell
1494,beach
1495,starfish
1496,snake
1497,hairstyle
1498,spider web
1499,skin
1500,flesh
1501,frigate-medusa
1502,raft
1503,cone
1504,beatrice-hastings
1505,trunk
1506,mineral
1507,jade
1508,samarkand
1509,historic site
1510,ceiling fan
1511,clocks-and-hourglasses
1512,railway
1513,fireplaces
1514,desk
1515,mars
1516,aphrodite/venus
1517,relief
1518,lipstick
1519,tank
1520,military
1521,finger
1522,skeleton
1523,july-revolution
1524,gesture
1525,sweetness
1526,sphere
1527,light fixture
1528,sconce
1529,nightlight
1530,child
1531,stones
1532,holy-trinity
1533,italian people
1534,reading
1535,outdoor bench
1536,hat
1537,subway
1538,stallion
1539,fisherman
1540,st. john the baptist
1541,bridle
1542,coloring book
1543,lawn ornament
1544,grass family
1545,landscaping
1546,scallop
1547,muses
1548,brook-watson
1549,fur
1550,cup
1551,saucer
1552,spoon
1553,chastity
1554,pole
1555,tints and shades
1556,the-tennis-court-oath
1557,20th-june-1789
1558,ear
1559,ciociaro costume
1560,forest
1561,madame-de-pompadour
1562,victorian fashion
1563,paul éluard
1564,max-ernst
1565,bone
1566,seabird
1567,shadow
1568,the-holy-night
1569,finial
1570,aviation
1571,hair
1572,cupid-and-psyche
1573,majorelle blue
1574,st.-joachim
1575,st. anne
1576,sailboat
1577,sailing
1578,sail
1579,galiot
1580,nemesis
1581,rug
1582,autumn
1583,steeple
1584,ice
1585,iceberg
1586,proserpine
1587,black hair
1588,brutus
1589,lictors
1590,scene
1591,headpiece
1592,hair accessory
1593,bridal accessory
1594,fashion accessory
1595,jewellery
1596,carmine
1597,linens
1598,quilting
1599,charity
1600,vintage advertisement
1601,book cover
1602,balloon
1603,display case
1604,toys-and-dolls
1605,st. james the greater
1606,breakfast sandwich
1607,cheeseburger
1608,fast food
1609,sandwich
1610,finger food
1611,hamburger
1612,monkeys
1613,nativity scene
1614,animal sports
1615,horse trainer
1616,horse tack
1617,cage
1618,ship
1619,deck
1620,horse supplies
1621,sorrel
1622,mane
1623,bayou
1624,pond
1625,wetland
1626,commerce-and-finances
1627,mixed-use
1628,anna-akhmatova
1629,neck
1630,machine
1631,robot
1632,charles-i-of-england
1633,rainbow
1634,ball
1635,kobza
1636,mirrors
1637,bacchus/dionysus
1638,brick
1639,wheel
1640,train
1641,locomotive
1642,egg
1643,love
1644,teapot
1645,tableware
1646,st.-teresa
1647,origami
1648,holy-family
1649,horatii
1650,sword
1651,stain
1652,devil's bridge
1653,antique
1654,coin
1655,dog
1656,youth
1657,geology
1658,concert
1659,supernatural creature
1660,goliath
1661,shelving
1662,bookcase
1663,windmill
1664,st-gregory
1665,pasture
1666,bovine
1667,wildlife
1668,grazing
1669,hill
1670,highland
1671,grassland
1672,leda
1673,leda-and-the-swan
1674,jupiter/zeus
1675,waters
1676,shoe
1677,herd
1678,street light
1679,chair
1680,fortepiano
1681,baptism-of-jesus-christ
1682,françois-rabelais
1683,“the-life-of-gargantua-and-of-pantagruel”
1684,gargantua
1685,classic
1686,sari
1687,retro style
1688,vintage clothing
1689,sculptor
1690,claude-monet
1691,peasants
1692,grape
1693,flagellation-of-christ
1694,oscar-wilde-'the-picture-of-dorian-gray'
1695,vase
1696,antonio-allegri-da-correggio
1697,arles
1698,stars-and-planets
1699,snow
1700,alfred-bruyas
1701,george-sand
1702,champfleury
1703,pierre-joseph-proudhon
1704,gustave-courbet
1705,honoré-de-balzac
1706,gustave-flaubert
1707,charles-baudelaire
1708,defense-of-madrid
1709,pope-urban-viii
1710,neon
1711,visual effect lighting
1712,neon sign
1713,fra-zumel-francisco
1714,philip-iv-of-spain
1715,king
1716,dutch
1717,costume hat
1718,vertebrate
1719,calf
1720,livestock
1721,cow-goat family
1722,dairy cow
1723,shopping bag
1724,paper bag
1725,carnival
1726,coca-cola
1727,cola
1728,carbonated soft drinks
1729,drink
1730,st. luke
1731,anthony-van-dyck
1732,sunflower
1733,st.-peter
1734,st.-peter-nolasco
1735,square
1736,government
1737,office
1738,labor
1739,samson
1740,frida-kahlo
1741,normandy
1742,fecamp
1743,midnight
1744,masks-and-fans
1745,venice
1746,armour
1747,saturn
1748,monarch
1749,tristan-tzara
