0,worker_1
1,worker_2
2,worker_3
3,worker_4
4,worker_5
5,worker_6
6,worker_7
7,worker_8
8,worker_9
9,worker_10
10,worker_11
11,worker_12
12,worker_13
13,worker_14
14,worker_15
15,worker_16
16,worker_17
17,worker_18
18,worker_19
19,worker_20
20,worker_21
21,worker_22
22,worker_23
23,worker_24
24,worker_25
25,worker_26
26,worker_27
27,worker_28
28,worker_29
29,worker_30
30,worker_31
31,worker_32
32,worker_33
33,worker_34
34,worker_35
35,worker_36
36,worker_37
37,worker_38
38,worker_39
39,worker_40
40,worker_41
41,worker_42
42,worker_43
43,worker_44
44,worker_45
45,worker_46
46,worker_47
47,worker_48
48,worker_49
49,worker_50
50,worker_51
51,worker_52
52,worker_53
53,worker_54
54,worker_55
55,worker_56
56,worker_57
57,worker_58
58,worker_59
59,worker_60
60,worker_61
61,worker_62
62,worker_63
63,worker_64
64,worker_65
65,worker_66
66,worker_67
67,worker_68
68,worker_69
69,worker_70
70,worker_71
71,worker_165
72,worker_280
73,worker_143
74,worker_79
75,worker_99
76,worker_260
77,worker_101
78,worker_155
79,worker_254
80,worker_89
81,worker_107
82,worker_148
83,worker_103
84,worker_104
85,worker_149
86,worker_120
87,worker_72
88,worker_73
89,worker_74
90,worker_75
91,worker_76
92,worker_77
93,worker_78
94,worker_80
95,worker_81
96,worker_82
97,worker_83
98,worker_84
99,worker_85
100,worker_86
101,worker_87
102,worker_88
103,worker_90
104,worker_91
105,worker_92
106,worker_93
107,worker_94
108,worker_95
109,worker_96
110,worker_97
111,worker_98
112,worker_100
113,worker_102
114,worker_105
115,worker_106
116,worker_108
117,worker_109
118,worker_110
119,worker_111
120,worker_112
121,worker_113
122,worker_114
123,worker_115
124,worker_116
125,worker_117
126,worker_118
127,worker_145
128,worker_132
129,worker_119
130,worker_121
131,worker_195
132,worker_182
133,worker_240
134,worker_183
135,worker_242
136,worker_188
137,worker_194
138,worker_146
139,worker_175
140,worker_136
141,worker_291
142,worker_125
143,worker_287
144,worker_162
145,worker_142
146,worker_160
147,worker_168
148,worker_234
149,worker_292
150,worker_164
151,worker_131
152,worker_237
153,worker_179
154,worker_199
155,worker_122
156,worker_123
157,worker_124
158,worker_126
159,worker_127
160,worker_128
161,worker_129
162,worker_130
163,worker_238
164,worker_133
165,worker_134
166,worker_158
167,worker_304
168,worker_157
169,worker_271
170,worker_305
171,worker_201
172,worker_163
173,worker_151
174,worker_147
175,worker_274
176,worker_211
177,worker_139
178,worker_268
179,worker_171
180,worker_306
181,worker_138
182,worker_170
183,worker_247
184,worker_283
185,worker_135
186,worker_137
187,worker_140
188,worker_141
189,worker_144
190,worker_299
191,worker_186
192,worker_173
193,worker_293
194,worker_150
195,worker_286
196,worker_281
197,worker_256
198,worker_302
199,worker_200
200,worker_152
201,worker_255
202,worker_295
203,worker_187
204,worker_161
205,worker_217
206,worker_219
207,worker_185
208,worker_284
209,worker_212
210,worker_279
211,worker_208
212,worker_233
213,worker_236
214,worker_181
215,worker_153
216,worker_154
217,worker_156
218,worker_159
219,worker_205
220,worker_226
221,worker_176
222,worker_229
223,worker_230
224,worker_232
225,worker_167
226,worker_197
227,worker_285
228,worker_223
229,worker_243
230,worker_220
231,worker_275
232,worker_214
233,worker_215
234,worker_216
235,worker_210
236,worker_177
237,worker_218
238,worker_221
239,worker_222
240,worker_204
241,worker_224
242,worker_225
243,worker_241
244,worker_244
245,worker_207
246,worker_245
247,worker_246
248,worker_248
249,worker_249
250,worker_166
251,worker_231
252,worker_288
253,worker_169
254,worker_172
255,worker_174
256,worker_198
257,worker_258
258,worker_190
259,worker_178
260,worker_180
261,worker_184
262,worker_227
263,worker_228
264,worker_235
265,worker_206
266,worker_239
267,worker_196
268,worker_265
269,worker_266
270,worker_267
271,worker_269
272,worker_261
273,worker_270
274,worker_191
275,worker_189
276,worker_252
277,worker_273
278,worker_192
279,worker_193
280,worker_213
281,worker_290
282,worker_303
283,worker_264
284,worker_301
285,worker_282
286,worker_298
287,worker_307
288,worker_278
289,worker_276
290,worker_289
291,worker_250
292,worker_251
293,worker_209
294,worker_277
295,worker_257
296,worker_297
297,worker_259
298,worker_202
299,worker_272
300,worker_203
301,worker_294
302,worker_262
303,worker_300
304,worker_263
305,worker_253
306,worker_296
